GROUP_ID,GROUP_NAME,GP,W,L,W_PCT,MIN,FG_PCT,FG3_PCT,FT_PCT,OREB,DREB,REB,AST,TOV,STL,BLK,PTS,PLUS_MINUS,SUM_TIME_PLAYED,OFF_RATING,DEF_RATING,NET_RATING,PACE,TS_PCT,EFG_PCT,AST_PCT,AST_TO,REB_PCT
-1628392-1628983-1629652-1631096-1641717-,I. Hartenstein - S. Gilgeous-Alexander - L. Dort - C. Holmgren - C. Wallace,16,16,0,1.0,166.621667,0.514,0.404,0.838,32,116,148,100,43.0,46,25,423,66.0,499865,120.9,102.3,18.6,100.68,0.613,0.581,0.617,2.33,0.511
-1628983-1629652-1631096-1631114-1641717-,S. Gilgeous-Alexander - L. Dort - C. Holmgren - J. Williams - C. Wallace,15,11,4,0.733,126.046667,0.541,0.418,0.897,16,91,107,75,34.0,28,17,355,71.0,378140,124.1,99.6,24.5,108.72,0.664,0.626,0.573,2.21,0.506
-1628392-1628983-1629652-1631096-1631114-,I. Hartenstein - S. Gilgeous-Alexander - L. Dort - C. Holmgren - J. Williams,11,6,5,0.545,113.166667,0.575,0.493,0.861,30,88,118,70,30.0,24,17,317,68.0,339500,132.6,103.8,28.9,101.58,0.675,0.653,0.556,2.33,0.54
-1628983-1629652-1631096-1641717-1642349-,S. Gilgeous-Alexander - L. Dort - C. Holmgren - C. Wallace - A. Mitchell,12,10,2,0.833,54.693333,0.523,0.349,0.905,11,35,46,31,8.0,15,5,146,29.0,164080,130.4,101.7,28.6,99.61,0.628,0.593,0.554,3.88,0.458
-1628392-1628983-1631096-1641717-1642349-,I. Hartenstein - S. Gilgeous-Alexander - C. Holmgren - C. Wallace - A. Mitchell,6,6,0,1.0,53.315,0.553,0.375,0.826,14,53,67,32,17.0,8,8,145,35.0,159945,127.2,94.8,32.4,103.54,0.641,0.612,0.561,1.88,0.625
-1628983-1629652-1630198-1631119-1641717-,S. Gilgeous-Alexander - L. Dort - I. Joe - J. Williams - C. Wallace,13,10,3,0.769,48.645,0.44,0.362,0.714,3,33,36,21,19.0,10,4,101,-22.0,145935,92.7,111.8,-19.2,108.05,0.56,0.542,0.568,1.11,0.414
-1628983-1629652-1630598-1631096-1631114-,S. Gilgeous-Alexander - L. Dort - A. Wiggins - C. Holmgren - J. Williams,6,4,2,0.667,46.94,0.456,0.179,0.833,7,30,37,22,14.0,10,7,102,-13.0,140820,102.0,113.9,-11.9,102.77,0.553,0.487,0.611,1.57,0.374
-1627936-1628983-1630198-1631119-1642349-,A. Caruso - S. Gilgeous-Alexander - I. Joe - J. Williams - A. Mitchell,10,9,1,0.9,39.508333,0.519,0.591,0.792,12,30,42,30,7.0,9,4,129,49.0,118525,150.0,92.0,58.0,105.09,0.704,0.679,0.714,4.29,0.573
-1628983-1629652-1630598-1631096-1631119-,S. Gilgeous-Alexander - L. Dort - A. Wiggins - C. Holmgren - J. Williams,6,4,2,0.667,37.025,0.397,0.241,0.813,11,32,43,17,8.0,5,6,78,2.0,111075,98.7,97.4,1.3,101.77,0.487,0.445,0.586,2.13,0.528
-1628392-1628983-1629652-1631096-1642349-,I. Hartenstein - S. Gilgeous-Alexander - L. Dort - C. Holmgren - A. Mitchell,7,6,1,0.857,36.75,0.423,0.263,0.84,11,30,41,15,5.0,5,4,86,12.0,110250,110.3,96.1,14.2,101.22,0.524,0.458,0.5,3.0,0.506
-1628392-1628983-1629652-1630598-1641717-,I. Hartenstein - S. Gilgeous-Alexander - L. Dort - A. Wiggins - C. Wallace,6,6,0,1.0,36.716667,0.417,0.207,0.929,11,28,39,12,7.0,6,7,79,-5.0,110150,103.9,109.1,-5.1,100.01,0.505,0.458,0.4,1.71,0.477
-1629026-1642260-1642362-1642382-1642964-,K. Williams - N. Topić - P. Sandfort - B. Carlson - B. Barnhizer,2,0,2,0.0,34.846667,0.412,0.32,0.5,9,24,33,19,10.0,6,6,69,-27.0,104540,92.0,131.5,-39.5,101.93,0.477,0.471,0.679,1.9,0.507
-1627936-1628983-1631119-1641717-1642349-,A. Caruso - S. Gilgeous-Alexander - J. Williams - C. Wallace - A. Mitchell,9,6,3,0.667,34.373333,0.431,0.3,0.824,3,28,31,16,9.0,8,3,73,8.0,103120,98.6,85.5,13.1,104.73,0.557,0.509,0.64,1.78,0.443
-1629026-1630598-1631096-1631114-1642349-,K. Williams - A. Wiggins - C. Holmgren - J. Williams - A. Mitchell,4,4,0,1.0,31.45,0.593,0.313,0.714,7,19,26,18,13.0,6,3,74,3.0,94350,113.8,109.2,4.6,99.21,0.648,0.639,0.563,1.38,0.574
-1628983-1629652-1631096-1631119-1641717-,S. Gilgeous-Alexander - L. Dort - C. Holmgren - J. Williams - C. Wallace,10,7,3,0.7,30.418333,0.491,0.333,0.714,3,23,26,14,4.0,2,6,66,1.0,91255,113.8,101.6,12.2,96.26,0.588,0.575,0.538,3.5,0.429
-1628392-1629652-1630198-1631096-1641717-,I. Hartenstein - L. Dort - I. Joe - C. Holmgren - C. Wallace,4,4,0,1.0,29.426667,0.586,0.474,0.667,5,20,25,23,9.0,9,1,81,17.0,88280,128.6,104.9,23.7,101.13,0.668,0.664,0.676,2.56,0.547
-1628983-1631096-1631114-1641717-1642349-,S. Gilgeous-Alexander - C. Holmgren - J. Williams - C. Wallace - A. Mitchell,8,6,2,0.75,28.345,0.397,0.208,0.667,9,18,27,9,2.0,5,5,63,-11.0,85035,101.6,123.3,-21.7,103.3,0.461,0.437,0.36,4.5,0.484
-1630198-1630598-1631096-1631114-1642349-,I. Joe - A. Wiggins - C. Holmgren - J. Williams - A. Mitchell,5,3,2,0.6,28.233333,0.519,0.3,1.0,4,20,24,16,6.0,6,6,66,8.0,84700,115.8,96.7,19.1,99.46,0.604,0.577,0.593,2.67,0.433
-1627936-1628983-1629652-1631096-1631114-,A. Caruso - S. Gilgeous-Alexander - L. Dort - C. Holmgren - J. Williams,10,6,4,0.6,26.786667,0.431,0.238,0.867,7,20,27,12,3.0,6,3,62,17.0,80360,108.8,78.9,29.8,102.14,0.538,0.48,0.545,4.0,0.552
-1630198-1631096-1631114-1641717-1642349-,I. Joe - C. Holmgren - J. Williams - C. Wallace - A. Mitchell,7,6,1,0.857,26.283333,0.383,0.286,0.867,2,19,21,12,9.0,5,7,55,-4.0,78850,98.2,101.7,-3.5,104.1,0.513,0.447,0.667,1.33,0.473
-1627936-1628983-1630198-1631119-1641717-,A. Caruso - S. Gilgeous-Alexander - I. Joe - J. Williams - C. Wallace,11,11,0,1.0,26.108333,0.512,0.464,0.905,1,15,16,15,7.0,5,2,76,11.0,78325,133.3,116.1,17.3,103.87,0.727,0.663,0.682,2.14,0.367
-1628392-1628983-1629652-1631114-1641717-,I. Hartenstein - S. Gilgeous-Alexander - L. Dort - J. Williams - C. Wallace,5,1,4,0.2,25.816667,0.333,0.261,0.7,16,14,30,13,6.0,7,1,53,-13.0,77450,100.0,122.2,-22.2,99.47,0.411,0.383,0.65,2.17,0.583
-1628983-1629652-1630198-1631096-1641717-,S. Gilgeous-Alexander - L. Dort - I. Joe - C. Holmgren - C. Wallace,9,7,2,0.778,25.761667,0.622,0.5,0.938,2,15,17,10,5.0,9,4,79,23.0,77285,141.1,101.8,39.3,103.41,0.759,0.711,0.357,2.0,0.409
-1630598-1631096-1631114-1641717-1642349-,A. Wiggins - C. Holmgren - J. Williams - C. Wallace - A. Mitchell,6,5,1,0.833,25.2,0.375,0.438,0.813,7,16,23,12,4.0,5,2,56,0.0,75600,109.8,114.3,-4.5,95.24,0.509,0.448,0.667,3.0,0.483
-1628392-1629652-1630598-1631096-1641717-,I. Hartenstein - L. Dort - A. Wiggins - C. Holmgren - C. Wallace,6,5,1,0.833,25.156667,0.404,0.409,0.692,12,15,27,16,6.0,6,1,60,-1.0,75470,111.1,110.9,0.2,103.99,0.52,0.49,0.762,2.67,0.508
-1627936-1628983-1630198-1630598-1631119-,A. Caruso - S. Gilgeous-Alexander - I. Joe - A. Wiggins - J. Williams,7,6,1,0.857,24.756667,0.565,0.391,0.762,4,15,19,15,3.0,3,1,77,18.0,74270,137.5,109.3,28.2,106.64,0.697,0.663,0.577,5.0,0.479
-1628392-1630198-1631096-1641717-1642272-,I. Hartenstein - I. Joe - C. Holmgren - C. Wallace - J. McCain,6,5,1,0.833,24.666667,0.429,0.444,0.818,10,20,30,15,5.0,7,6,59,12.0,74000,118.0,90.4,27.6,99.24,0.548,0.51,0.714,3.0,0.541
-1629026-1630198-1630598-1631119-1641717-,K. Williams - I. Joe - A. Wiggins - J. Williams - C. Wallace,5,4,1,0.8,23.37,0.319,0.296,0.846,8,13,21,10,4.0,7,2,49,-14.0,70110,100.0,126.0,-26.0,101.67,0.465,0.404,0.667,2.5,0.471
-1627936-1628983-1630198-1642349-1642382-,A. Caruso - S. Gilgeous-Alexander - I. Joe - A. Mitchell - B. Carlson,4,4,0,1.0,23.125,0.571,0.35,0.8,5,17,22,16,4.0,9,2,75,27.0,69375,141.5,88.9,52.6,111.05,0.674,0.643,0.571,4.0,0.479
-1629652-1630598-1642260-1642272-1642382-,L. Dort - A. Wiggins - N. Topić - J. McCain - B. Carlson,2,0,2,0.0,22.568333,0.429,0.423,0.5,3,15,18,12,5.0,2,1,49,-14.0,67705,104.3,137.0,-32.7,98.9,0.56,0.56,0.667,2.4,0.389
-1627936-1628392-1631096-1641717-1642349-,A. Caruso - I. Hartenstein - C. Holmgren - C. Wallace - A. Mitchell,5,4,1,0.8,21.8,0.528,0.222,0.769,2,17,19,12,7.0,6,1,50,10.0,65400,104.2,87.0,17.2,103.49,0.599,0.556,0.632,1.71,0.476
-1628392-1629652-1631096-1631114-1641717-,I. Hartenstein - L. Dort - C. Holmgren - J. Williams - C. Wallace,2,2,0,1.0,20.983333,0.525,0.313,1.0,5,11,16,14,5.0,2,2,55,0.0,62950,127.9,127.9,0.0,98.36,0.632,0.588,0.667,2.8,0.568
-1628983-1630198-1631119-1641717-1642349-,S. Gilgeous-Alexander - I. Joe - J. Williams - C. Wallace - A. Mitchell,10,8,2,0.8,20.315,0.575,0.471,0.824,4,14,18,10,5.0,5,1,68,22.0,60945,138.8,97.9,40.9,113.41,0.716,0.675,0.435,2.0,0.5
-1627936-1628983-1629652-1631096-1641717-,A. Caruso - S. Gilgeous-Alexander - L. Dort - C. Holmgren - C. Wallace,10,8,2,0.8,20.23,0.486,0.2,0.875,3,14,17,8,5.0,6,2,46,4.0,60690,102.2,82.4,19.9,113.89,0.568,0.527,0.444,1.6,0.5
-1628983-1630598-1631096-1631114-1641717-,S. Gilgeous-Alexander - A. Wiggins - C. Holmgren - J. Williams - C. Wallace,3,3,0,1.0,19.751667,0.625,0.333,0.909,2,16,18,11,4.0,2,4,52,7.0,59255,130.0,112.5,17.5,97.21,0.706,0.656,0.55,2.75,0.442
-1628983-1630598-1631096-1641717-1642349-,S. Gilgeous-Alexander - A. Wiggins - C. Holmgren - C. Wallace - A. Mitchell,6,6,0,1.0,19.455,0.618,0.455,0.857,3,13,16,13,6.0,8,3,53,10.0,58365,123.3,104.9,18.4,103.62,0.715,0.691,0.619,2.17,0.471
-1628983-1629652-1630198-1631119-1642349-,S. Gilgeous-Alexander - L. Dort - I. Joe - J. Williams - A. Mitchell,9,9,0,1.0,19.091667,0.471,0.286,0.6,0,18,18,6,5.0,5,1,42,-4.0,57275,91.3,102.2,-10.9,114.4,0.547,0.529,0.375,1.2,0.488
-1627936-1628392-1631096-1631172-1642349-,A. Caruso - I. Hartenstein - C. Holmgren - O. Dieng - A. Mitchell,4,4,0,1.0,18.533333,0.513,0.333,1.0,4,18,22,12,6.0,7,3,50,14.0,55600,119.0,85.7,33.3,108.78,0.6,0.564,0.6,2.0,0.575
-1627936-1628392-1630198-1631096-1642272-,A. Caruso - I. Hartenstein - I. Joe - C. Holmgren - J. McCain,4,4,0,1.0,18.066667,0.486,0.364,0.75,6,16,22,12,0.0,1,2,50,24.0,54200,147.1,78.8,68.3,89.0,0.617,0.595,0.667,0.0,0.65
-1629652-1630598-1631119-1641717-1642272-,L. Dort - A. Wiggins - J. Williams - C. Wallace - J. McCain,5,3,2,0.6,17.811667,0.516,0.444,1.0,1,11,12,10,5.0,4,1,47,-2.0,53435,120.5,116.7,3.8,109.14,0.69,0.645,0.625,2.0,0.419
-1628983-1629652-1631096-1631114-1642349-,S. Gilgeous-Alexander - L. Dort - C. Holmgren - J. Williams - A. Mitchell,8,5,3,0.625,17.718333,0.528,0.2,0.933,5,11,16,8,0.0,1,2,54,2.0,53155,138.5,130.0,8.5,107.01,0.634,0.556,0.421,0.0,0.594
-1628392-1628983-1630598-1641717-1642349-,I. Hartenstein - S. Gilgeous-Alexander - A. Wiggins - C. Wallace - A. Mitchell,4,3,1,0.75,17.678333,0.5,0.545,0.867,1,14,15,11,7.0,5,1,49,3.0,53035,114.0,109.5,4.4,115.4,0.669,0.6,0.733,1.57,0.514
-1629026-1630198-1630598-1642382-1642959-,K. Williams - I. Joe - A. Wiggins - B. Carlson - C. Youngblood,4,2,2,0.5,17.533333,0.364,0.304,0.75,4,12,16,9,3.0,4,1,37,5.0,52600,102.8,88.9,13.9,98.56,0.507,0.47,0.75,3.0,0.45
-1629652-1630198-1630598-1631119-1641717-,L. Dort - I. Joe - A. Wiggins - J. Williams - C. Wallace,4,2,2,0.5,17.45,0.545,0.267,1.0,3,11,14,12,2.0,4,1,46,8.0,52350,131.4,105.6,25.9,97.65,0.645,0.606,0.667,6.0,0.5
-1628983-1630198-1631096-1631119-1641717-,S. Gilgeous-Alexander - I. Joe - C. Holmgren - J. Williams - C. Wallace,8,5,3,0.625,17.283333,0.467,0.316,0.9,2,10,12,7,5.0,2,2,52,15.0,51850,126.8,102.8,24.1,106.92,0.67,0.567,0.5,1.4,0.516
-1627936-1628983-1631119-1641717-1642272-,A. Caruso - S. Gilgeous-Alexander - J. Williams - C. Wallace - J. McCain,4,4,0,1.0,17.045,0.533,0.267,0.714,1,15,16,10,4.0,3,6,41,6.0,51135,107.9,94.6,13.3,105.6,0.62,0.6,0.625,2.5,0.5
-1629026-1630598-1642260-1642272-1642382-,K. Williams - A. Wiggins - N. Topić - J. McCain - B. Carlson,4,3,1,0.75,16.833333,0.625,0.462,0.667,3,9,12,15,7.0,1,3,48,-5.0,50500,129.7,139.5,-9.7,106.93,0.72,0.719,0.75,2.14,0.483
-1628983-1629652-1630198-1631096-1642349-,S. Gilgeous-Alexander - L. Dort - I. Joe - C. Holmgren - A. Mitchell,8,8,0,1.0,16.286667,0.515,0.375,0.75,3,9,12,7,1.0,3,4,46,8.0,48860,131.4,108.6,22.9,103.15,0.63,0.606,0.412,7.0,0.359
-1629652-1630198-1630598-1631096-1641717-,L. Dort - I. Joe - A. Wiggins - C. Holmgren - C. Wallace,4,4,0,1.0,16.156667,0.387,0.182,0.909,5,14,19,4,5.0,3,2,36,3.0,48470,100.0,94.3,5.7,105.47,0.502,0.419,0.333,0.8,0.537
-1628983-1629652-1630198-1630598-1631119-,S. Gilgeous-Alexander - L. Dort - I. Joe - A. Wiggins - J. Williams,7,6,1,0.857,16.116667,0.5,0.4,0.667,4,11,15,7,3.0,2,0,34,-2.0,48350,117.2,112.5,4.7,90.84,0.594,0.577,0.538,2.33,0.469
-1627936-1628983-1631096-1641717-1642349-,A. Caruso - S. Gilgeous-Alexander - C. Holmgren - C. Wallace - A. Mitchell,9,5,4,0.556,16.086667,0.577,0.333,0.9,1,11,12,7,5.0,4,1,42,-1.0,48260,113.5,110.3,3.3,113.39,0.691,0.635,0.467,1.4,0.438
-1630198-1631172-1642382-1642959-1642964-,I. Joe - O. Dieng - B. Carlson - C. Youngblood - B. Barnhizer,3,3,0,1.0,16.033333,0.407,0.267,1.0,3,10,13,9,6.0,3,3,31,-15.0,48100,88.6,135.3,-46.7,103.28,0.531,0.481,0.818,1.5,0.419
-1629026-1631096-1631114-1641717-1642349-,K. Williams - C. Holmgren - J. Williams - C. Wallace - A. Mitchell,3,2,1,0.667,15.8,0.471,0.333,1.0,4,9,13,9,1.0,4,3,40,14.0,47400,121.2,81.3,40.0,98.73,0.559,0.529,0.563,9.0,0.429
-1627936-1628392-1630598-1631096-1642349-,A. Caruso - I. Hartenstein - A. Wiggins - C. Holmgren - A. Mitchell,2,2,0,1.0,15.316667,0.741,0.5,0.75,3,9,12,16,4.0,6,1,46,19.0,45950,158.6,87.1,71.5,94.02,0.8,0.796,0.8,4.0,0.667
-1628983-1629652-1631114-1641717-1642382-,S. Gilgeous-Alexander - L. Dort - J. Williams - C. Wallace - B. Carlson,2,2,0,1.0,15.216667,0.345,0.429,1.0,1,15,16,6,5.0,3,4,28,2.0,45650,82.4,81.3,1.1,104.1,0.469,0.448,0.6,1.2,0.421
-1628392-1630198-1631096-1642272-1642349-,I. Hartenstein - I. Joe - C. Holmgren - J. McCain - A. Mitchell,2,2,0,1.0,14.916667,0.567,0.5,1.0,3,15,18,12,2.0,2,0,40,15.0,44750,129.0,78.1,50.9,101.36,0.648,0.633,0.706,6.0,0.655
-1628983-1629652-1631119-1641717-1642349-,S. Gilgeous-Alexander - L. Dort - J. Williams - C. Wallace - A. Mitchell,11,11,0,1.0,14.69,0.44,0.214,0.867,4,11,15,5,3.0,1,2,38,11.0,44070,111.8,87.1,24.7,106.19,0.601,0.5,0.455,1.67,0.486
-1628392-1630198-1631096-1641717-1642349-,I. Hartenstein - I. Joe - C. Holmgren - C. Wallace - A. Mitchell,3,3,0,1.0,14.583333,0.286,0.214,0.6,5,9,14,7,7.0,5,2,22,-8.0,43750,68.8,100.0,-31.3,102.03,0.364,0.339,0.875,1.0,0.486
-1629026-1629652-1630198-1631096-1641717-,K. Williams - L. Dort - I. Joe - C. Holmgren - C. Wallace,2,1,1,0.5,14.183333,0.36,0.353,0.667,2,12,14,8,4.0,0,4,26,-2.0,42550,96.3,103.7,-7.4,91.37,0.494,0.48,0.889,2.0,0.484
-1627936-1628392-1630198-1631114-1642349-,A. Caruso - I. Hartenstein - I. Joe - J. Williams - A. Mitchell,3,3,0,1.0,14.1,0.429,0.25,0.8,3,10,13,6,4.0,1,0,28,-5.0,42300,100.0,113.8,-13.8,97.02,0.551,0.476,0.667,1.5,0.483
-1628392-1628983-1629652-1630598-1631096-,I. Hartenstein - S. Gilgeous-Alexander - L. Dort - A. Wiggins - C. Holmgren,4,3,1,0.75,13.976667,0.4,0.385,0.857,5,9,14,7,7.0,4,1,31,1.0,41930,100.0,100.0,0.0,104.75,0.552,0.5,0.7,1.0,0.593
-1628392-1628983-1630598-1631119-1641717-,I. Hartenstein - S. Gilgeous-Alexander - A. Wiggins - J. Williams - C. Wallace,2,1,1,0.5,13.766667,0.6,0.5,0.857,2,10,12,13,2.0,3,2,44,10.0,41300,157.1,121.4,35.7,97.63,0.783,0.76,0.867,6.5,0.52
-1628983-1629652-1630598-1631096-1642349-,S. Gilgeous-Alexander - L. Dort - A. Wiggins - C. Holmgren - A. Mitchell,7,7,0,1.0,13.28,0.586,0.6,1.0,4,9,13,10,4.0,3,2,50,19.0,39840,156.3,103.3,52.9,112.05,0.779,0.741,0.588,2.5,0.652
-1627936-1628983-1629652-1631096-1642349-,A. Caruso - S. Gilgeous-Alexander - L. Dort - C. Holmgren - A. Mitchell,7,5,2,0.714,13.09,0.462,0.3,0.833,5,7,12,6,0.0,1,0,32,6.0,39270,118.5,104.0,14.5,95.34,0.559,0.519,0.5,0.0,0.536
-1629026-1631172-1642382-1642959-1642964-,K. Williams - O. Dieng - B. Carlson - C. Youngblood - B. Barnhizer,3,3,0,1.0,12.95,0.5,0.429,0.333,1,10,11,8,3.0,1,1,25,-9.0,38850,96.2,130.8,-34.6,96.37,0.552,0.575,0.8,2.67,0.458
-1627936-1628392-1628983-1629652-1641717-,A. Caruso - I. Hartenstein - S. Gilgeous-Alexander - L. Dort - C. Wallace,5,4,1,0.8,12.693333,0.409,0.222,0.667,2,7,9,2,3.0,1,2,24,-1.0,38080,92.3,96.2,-3.8,98.32,0.487,0.455,0.222,0.67,0.357
-1628983-1631096-1631114-1631119-1641717-,S. Gilgeous-Alexander - C. Holmgren - J. Williams - J. Williams - C. Wallace,1,1,0,1.0,12.483333,0.667,0.4,1.0,1,10,11,9,2.0,2,0,36,12.0,37450,150.0,96.0,54.0,94.21,0.791,0.762,0.643,4.5,0.611
-1627936-1628983-1630598-1642349-1642382-,A. Caruso - S. Gilgeous-Alexander - A. Wiggins - A. Mitchell - B. Carlson,3,2,1,0.667,12.448333,0.542,0.222,1.0,2,6,8,6,3.0,3,1,36,-2.0,37345,128.6,140.7,-12.2,106.04,0.654,0.583,0.462,2.0,0.381
-1628392-1628983-1630198-1641717-1642349-,I. Hartenstein - S. Gilgeous-Alexander - I. Joe - C. Wallace - A. Mitchell,5,3,2,0.6,12.331667,0.464,0.167,0.889,5,6,11,6,1.0,4,0,36,8.0,36995,128.6,100.0,28.6,108.99,0.563,0.5,0.462,6.0,0.52
-1629026-1630198-1631096-1631114-1642349-,K. Williams - I. Joe - C. Holmgren - J. Williams - A. Mitchell,2,2,0,1.0,12.216667,0.588,0.5,0.857,1,10,11,8,6.0,1,2,29,1.0,36650,116.0,116.7,-0.7,96.26,0.722,0.676,0.8,1.33,0.619
-1627936-1628983-1630598-1631119-1641717-,A. Caruso - S. Gilgeous-Alexander - A. Wiggins - J. Williams - C. Wallace,5,4,1,0.8,12.016667,0.333,0.4,0.833,5,8,13,4,2.0,3,1,25,2.0,36050,104.2,92.0,12.2,97.86,0.469,0.417,0.5,2.0,0.467
-1631096-1631114-1631119-1641717-1642349-,C. Holmgren - J. Williams - J. Williams - C. Wallace - A. Mitchell,2,2,0,1.0,11.8,0.619,0.4,0.333,1,10,11,9,4.0,3,1,32,12.0,35400,123.1,76.9,46.2,105.76,0.677,0.714,0.692,2.25,0.583
-1628983-1629652-1630598-1631096-1641717-,S. Gilgeous-Alexander - L. Dort - A. Wiggins - C. Holmgren - C. Wallace,6,5,1,0.833,11.771667,0.45,0.125,0.6,2,8,10,3,3.0,3,3,22,-2.0,35315,88.0,88.9,-0.9,106.02,0.495,0.475,0.333,1.0,0.393
-1627936-1628983-1629652-1631119-1641717-,A. Caruso - S. Gilgeous-Alexander - L. Dort - J. Williams - C. Wallace,6,5,1,0.833,11.75,0.25,0.125,0.813,2,8,10,1,1.0,2,2,22,-6.0,35250,84.6,107.7,-23.1,106.21,0.477,0.281,0.25,1.0,0.462
-1628983-1629026-1629652-1630598-1631096-,S. Gilgeous-Alexander - K. Williams - L. Dort - A. Wiggins - C. Holmgren,3,2,1,0.667,11.705,0.368,0.1,0.75,1,9,10,4,3.0,3,1,18,-1.0,35115,78.3,82.6,-4.3,94.32,0.434,0.395,0.571,1.33,0.367
-1627936-1628983-1630598-1631119-1642349-,A. Caruso - S. Gilgeous-Alexander - A. Wiggins - J. Williams - A. Mitchell,4,3,1,0.75,11.666667,0.423,0.273,1.0,5,6,11,5,1.0,2,0,31,4.0,35000,124.0,112.5,11.5,100.8,0.541,0.481,0.455,5.0,0.44
-1627936-1628983-1629026-1631119-1642349-,A. Caruso - S. Gilgeous-Alexander - K. Williams - J. Williams - A. Mitchell,3,2,1,0.667,11.433333,0.619,0.455,1.0,0,10,10,10,0.0,1,3,33,16.0,34300,137.5,70.8,66.7,100.76,0.754,0.738,0.769,0.0,0.6
-1629026-1630598-1642260-1642382-1642964-,K. Williams - A. Wiggins - N. Topić - B. Carlson - B. Barnhizer,2,2,0,1.0,11.183333,0.417,0.364,0.5,4,9,13,7,3.0,2,1,25,-2.0,33550,100.0,112.5,-12.5,105.16,0.502,0.5,0.7,2.33,0.556
-1628392-1629652-1630598-1631096-1642349-,I. Hartenstein - L. Dort - A. Wiggins - C. Holmgren - A. Mitchell,2,2,0,1.0,11.166667,0.348,0.4,0.857,5,13,18,6,3.0,2,0,24,6.0,33500,100.0,72.0,28.0,105.31,0.46,0.391,0.75,2.0,0.576
-1628983-1630198-1631119-1642349-1642382-,S. Gilgeous-Alexander - I. Joe - J. Williams - A. Mitchell - B. Carlson,5,4,1,0.8,11.061667,0.417,0.25,0.714,5,7,12,4,2.0,1,1,29,-5.0,33185,116.0,125.9,-9.9,112.82,0.535,0.5,0.4,2.0,0.542
-1627936-1628983-1631096-1631114-1641717-,A. Caruso - S. Gilgeous-Alexander - C. Holmgren - J. Williams - C. Wallace,5,2,3,0.4,10.515,0.5,0.556,1.0,2,6,8,7,2.0,4,2,29,6.0,31545,126.1,100.0,26.1,104.99,0.634,0.614,0.636,3.5,0.474
-1627936-1628392-1628983-1641717-1642349-,A. Caruso - I. Hartenstein - S. Gilgeous-Alexander - C. Wallace - A. Mitchell,5,3,2,0.6,10.5,0.524,0.364,1.0,4,10,14,8,4.0,2,2,32,13.0,31500,133.3,82.6,50.7,107.43,0.677,0.619,0.727,2.0,0.6
-1628392-1628983-1629652-1630198-1641717-,I. Hartenstein - S. Gilgeous-Alexander - L. Dort - I. Joe - C. Wallace,5,4,1,0.8,10.498333,0.368,0.444,0.667,2,7,9,4,3.0,4,2,22,-2.0,31495,91.7,109.1,-17.4,105.16,0.508,0.474,0.571,1.33,0.458
-1628392-1628983-1629652-1641717-1642349-,I. Hartenstein - S. Gilgeous-Alexander - L. Dort - C. Wallace - A. Mitchell,7,7,0,1.0,10.461667,0.353,0.222,1.0,1,7,8,4,2.0,1,1,22,-11.0,31385,95.7,143.5,-47.8,105.53,0.536,0.412,0.667,2.0,0.474
-1629652-1630198-1631096-1631119-1641717-,L. Dort - I. Joe - C. Holmgren - J. Williams - C. Wallace,3,1,2,0.333,10.25,0.278,0.25,0.75,0,6,6,3,1.0,1,0,15,-15.0,30750,65.2,136.4,-71.1,105.37,0.38,0.333,0.6,3.0,0.364
-1627936-1628983-1630198-1631096-1641717-,A. Caruso - S. Gilgeous-Alexander - I. Joe - C. Holmgren - C. Wallace,5,3,2,0.6,10.208333,0.471,0.167,0.714,2,7,9,3,2.0,2,3,22,-1.0,30625,95.7,104.5,-8.9,105.8,0.548,0.5,0.375,1.5,0.5
-1630198-1630598-1631119-1641717-1642272-,I. Joe - A. Wiggins - J. Williams - C. Wallace - J. McCain,6,6,0,1.0,10.061667,0.381,0.25,0.0,1,6,7,7,2.0,2,2,19,-6.0,30185,82.6,100.0,-17.4,114.49,0.452,0.452,0.875,3.5,0.31
-1627936-1628392-1628983-1631096-1641717-,A. Caruso - I. Hartenstein - S. Gilgeous-Alexander - C. Holmgren - C. Wallace,5,5,0,1.0,9.84,0.474,0.556,1.0,3,8,11,5,1.0,4,1,30,13.0,29520,130.4,81.0,49.5,107.32,0.679,0.605,0.556,5.0,0.522
-1628983-1629652-1630198-1631096-1631114-,S. Gilgeous-Alexander - L. Dort - I. Joe - C. Holmgren - J. Williams,5,2,3,0.4,9.836667,0.533,0.4,0.667,1,8,9,4,4.0,1,2,22,-5.0,29510,110.0,128.6,-18.6,100.03,0.624,0.6,0.5,1.0,0.5
-1627936-1628983-1629652-1631096-1631119-,A. Caruso - S. Gilgeous-Alexander - L. Dort - C. Holmgren - J. Williams,4,4,0,1.0,9.683333,0.571,0.545,1.0,2,7,9,6,3.0,2,0,32,4.0,29050,133.3,127.3,6.1,114.01,0.731,0.714,0.5,2.0,0.684
-1630198-1631119-1631172-1642959-1642964-,I. Joe - J. Williams - O. Dieng - C. Youngblood - B. Barnhizer,2,2,0,1.0,9.6,0.333,0.333,0.6,2,11,13,3,4.0,1,0,19,5.0,28800,86.4,66.7,19.7,107.5,0.49,0.433,0.6,0.75,0.536
-1627936-1628983-1630198-1631119-1642272-,A. Caruso - S. Gilgeous-Alexander - I. Joe - J. Williams - J. McCain,3,3,0,1.0,9.483333,0.4,0.2,0.8,1,6,7,5,8.0,2,1,18,-2.0,28450,78.3,90.9,-12.6,113.88,0.523,0.467,0.833,0.63,0.524
-1629026-1629652-1630598-1642272-1642964-,K. Williams - L. Dort - A. Wiggins - J. McCain - B. Barnhizer,2,0,2,0.0,9.383333,0.182,0.0,0.0,4,6,10,2,2.0,4,0,8,-13.0,28150,38.1,100.0,-61.9,107.42,0.182,0.182,0.5,1.0,0.357
-1628983-1630198-1630598-1631119-1642349-,S. Gilgeous-Alexander - I. Joe - A. Wiggins - J. Williams - A. Mitchell,6,5,1,0.833,9.155,0.438,0.462,0.9,2,8,10,5,2.0,1,2,29,15.0,27465,126.1,70.0,56.1,112.73,0.711,0.625,0.714,2.5,0.522
-1628983-1629026-1641717-1642349-1642382-,S. Gilgeous-Alexander - K. Williams - C. Wallace - A. Mitchell - B. Carlson,2,1,1,0.5,9.128333,0.75,0.75,0.714,0,6,6,6,5.0,3,1,26,7.0,27385,130.0,100.0,30.0,102.54,0.862,0.875,0.667,1.2,0.538
-1627936-1630198-1631119-1641717-1642349-,A. Caruso - I. Joe - J. Williams - C. Wallace - A. Mitchell,1,1,0,1.0,9.1,0.471,0.455,1.0,0,6,6,7,3.0,3,0,22,8.0,27300,110.0,66.7,43.3,108.13,0.631,0.618,0.875,2.33,0.3
-1629026-1630198-1630598-1631172-1642959-,K. Williams - I. Joe - A. Wiggins - O. Dieng - C. Youngblood,2,2,0,1.0,9.066667,0.389,0.333,1.0,3,7,10,4,4.0,2,1,19,-1.0,27200,95.0,100.0,-5.0,105.88,0.503,0.472,0.571,1.0,0.5
-1627936-1628983-1630598-1631119-1642272-,A. Caruso - S. Gilgeous-Alexander - A. Wiggins - J. Williams - J. McCain,2,2,0,1.0,9.065,0.333,0.0,0.8,1,10,11,2,3.0,1,1,14,1.0,27195,70.0,68.4,1.6,103.25,0.407,0.333,0.4,0.67,0.5
-1629026-1630198-1630598-1642272-1642964-,K. Williams - I. Joe - A. Wiggins - J. McCain - B. Barnhizer,2,2,0,1.0,9.0,0.471,0.4,0.833,4,6,10,5,2.0,1,0,25,8.0,27000,138.9,100.0,38.9,93.33,0.636,0.588,0.625,2.5,0.55
-1629026-1630198-1630598-1631119-1642272-,K. Williams - I. Joe - A. Wiggins - J. Williams - J. McCain,6,5,1,0.833,8.906667,0.571,0.286,1.0,0,6,6,2,3.0,0,0,22,3.0,26720,104.8,95.0,9.8,110.48,0.698,0.643,0.25,0.67,0.529
-1628983-1629026-1630198-1630598-1642964-,S. Gilgeous-Alexander - K. Williams - I. Joe - A. Wiggins - B. Barnhizer,2,2,0,1.0,8.838333,0.533,0.6,1.0,1,7,8,8,0.0,0,0,25,9.0,26515,156.3,100.0,56.3,86.89,0.709,0.633,1.0,0.0,0.5
-1627936-1628392-1631172-1641717-1642349-,A. Caruso - I. Hartenstein - O. Dieng - C. Wallace - A. Mitchell,3,3,0,1.0,8.733333,0.714,0.667,0.625,2,8,10,6,4.0,2,0,27,8.0,26200,135.0,100.0,35.0,107.18,0.771,0.786,0.6,1.5,0.647
-1628392-1630198-1630598-1631096-1641717-,I. Hartenstein - I. Joe - A. Wiggins - C. Holmgren - C. Wallace,2,1,1,0.5,8.733333,0.5,0.286,0.833,1,7,8,8,2.0,2,1,23,4.0,26200,121.1,105.6,15.5,101.68,0.617,0.563,1.0,4.0,0.471
-1628392-1631096-1631172-1641717-1642349-,I. Hartenstein - C. Holmgren - O. Dieng - C. Wallace - A. Mitchell,1,1,0,1.0,8.65,0.412,0.0,1.0,2,6,8,4,0.0,1,0,17,-1.0,25950,106.3,105.9,0.4,91.56,0.464,0.412,0.571,0.0,0.4
-1628983-1629026-1630198-1630598-1631119-,S. Gilgeous-Alexander - K. Williams - I. Joe - A. Wiggins - J. Williams,2,2,0,1.0,8.5,0.583,0.6,0.75,1,8,9,4,7.0,2,2,20,-3.0,25500,87.0,104.5,-17.6,127.06,0.727,0.708,0.571,0.57,0.45
-1630198-1642349-1642382-1642959-1642964-,I. Joe - A. Mitchell - B. Carlson - C. Youngblood - B. Barnhizer,2,2,0,1.0,8.35,0.538,0.444,0.0,1,7,8,6,4.0,1,0,18,-1.0,25050,105.9,105.6,0.3,100.6,0.692,0.692,0.857,1.5,0.563
-1629026-1630198-1631096-1641717-1642349-,K. Williams - I. Joe - C. Holmgren - C. Wallace - A. Mitchell,2,2,0,1.0,8.283333,0.571,0.25,1.0,1,6,7,4,2.0,5,0,21,8.0,24850,123.5,72.2,51.3,101.41,0.666,0.607,0.5,2.0,0.667
-1627936-1628983-1629652-1630198-1631096-,A. Caruso - S. Gilgeous-Alexander - L. Dort - I. Joe - C. Holmgren,7,5,2,0.714,8.251667,0.5,0.25,1.0,1,5,6,3,1.0,0,2,23,2.0,24755,121.1,100.0,21.1,116.34,0.632,0.563,0.375,3.0,0.389
-1629026-1629652-1630598-1631119-1642272-,K. Williams - L. Dort - A. Wiggins - J. Williams - J. McCain,4,3,1,0.75,8.183333,0.5,0.375,0.833,2,5,7,3,2.0,0,0,24,-7.0,24550,133.3,155.0,-21.7,111.45,0.644,0.594,0.375,1.5,0.438
-1628392-1630198-1631096-1642349-1642964-,I. Hartenstein - I. Joe - C. Holmgren - A. Mitchell - B. Barnhizer,2,2,0,1.0,8.1,0.375,0.286,0.5,2,7,9,5,3.0,2,1,15,0.0,24300,83.3,83.3,0.0,106.67,0.444,0.438,0.833,1.67,0.474
-1627936-1628392-1630598-1641717-1642349-,A. Caruso - I. Hartenstein - A. Wiggins - C. Wallace - A. Mitchell,1,1,0,1.0,8.05,0.533,0.0,0.625,3,5,8,7,2.0,4,2,21,7.0,24150,116.7,82.4,34.3,104.35,0.567,0.533,0.875,3.5,0.6
-1627936-1628983-1631096-1631119-1641717-,A. Caruso - S. Gilgeous-Alexander - C. Holmgren - J. Williams - C. Wallace,4,4,0,1.0,7.978333,0.571,0.5,0.889,2,11,13,2,1.0,2,0,25,17.0,23935,147.1,42.1,105.0,108.29,0.696,0.607,0.25,2.0,0.7
-1628983-1629652-1630198-1631096-1631119-,S. Gilgeous-Alexander - L. Dort - I. Joe - C. Holmgren - J. Williams,5,4,1,0.8,7.916667,0.583,0.571,0.833,1,5,6,5,2.0,1,1,23,6.0,23750,135.3,100.0,35.3,103.07,0.786,0.75,0.714,2.5,0.353
-1630198-1631119-1631172-1642382-1642959-,I. Joe - J. Williams - O. Dieng - B. Carlson - C. Youngblood,2,2,0,1.0,7.85,0.615,0.625,0.5,0,7,7,6,1.0,0,3,22,11.0,23550,137.5,68.8,68.8,97.83,0.793,0.808,0.75,6.0,0.5
-1629026-1630598-1631119-1631205-1642272-,K. Williams - A. Wiggins - J. Williams - B. Boeheim - J. McCain,1,1,0,1.0,7.816667,0.375,0.143,1.0,2,2,4,1,1.0,2,1,15,0.0,23450,100.0,100.0,0.0,92.11,0.444,0.406,0.167,1.0,0.438
-1630198-1631096-1631119-1641717-1642272-,I. Joe - C. Holmgren - J. Williams - C. Wallace - J. McCain,3,3,0,1.0,7.733333,0.438,0.455,0.0,1,5,6,5,2.0,1,0,19,4.0,23200,135.7,107.1,28.6,86.9,0.594,0.594,0.714,2.5,0.563
-1627936-1628983-1629652-1630198-1631119-,A. Caruso - S. Gilgeous-Alexander - L. Dort - I. Joe - J. Williams,5,5,0,1.0,7.7,0.429,0.2,0.667,1,5,6,2,0.0,1,1,15,0.0,23100,100.0,93.8,6.3,96.62,0.49,0.464,0.333,0.0,0.444
-1628983-1630198-1631119-1641717-1642964-,S. Gilgeous-Alexander - I. Joe - J. Williams - C. Wallace - B. Barnhizer,2,1,1,0.5,7.666667,0.313,0.2,1.0,2,6,8,3,2.0,2,0,16,1.0,23000,100.0,93.8,6.3,100.17,0.45,0.375,0.6,1.5,0.45
-1628983-1629026-1630198-1642382-1642964-,S. Gilgeous-Alexander - K. Williams - I. Joe - B. Carlson - B. Barnhizer,1,1,0,1.0,7.633333,0.714,0.6,0.833,1,6,7,6,1.0,0,0,28,9.0,22900,164.7,118.8,46.0,103.76,0.841,0.821,0.6,6.0,0.636
-1628983-1630598-1631119-1641717-1642349-,S. Gilgeous-Alexander - A. Wiggins - J. Williams - C. Wallace - A. Mitchell,4,3,1,0.75,7.618333,0.385,0.2,0.857,0,10,10,3,2.0,3,1,17,9.0,22855,94.4,42.1,52.3,116.56,0.529,0.423,0.6,1.5,0.5
-1629026-1631119-1631172-1642382-1642959-,K. Williams - J. Williams - O. Dieng - B. Carlson - C. Youngblood,1,1,0,1.0,7.616667,0.462,0.429,0.0,2,6,8,4,2.0,0,0,15,2.0,22850,115.4,92.9,22.5,85.08,0.577,0.577,0.667,2.0,0.643
-1627936-1628983-1630198-1631119-1642959-,A. Caruso - S. Gilgeous-Alexander - I. Joe - J. Williams - C. Youngblood,2,2,0,1.0,7.583333,0.154,0.125,0.75,0,3,3,2,0.0,1,2,8,-16.0,22750,53.3,171.4,-118.1,91.78,0.271,0.192,1.0,0.0,0.2
-1629026-1629652-1630198-1630598-1631096-,K. Williams - L. Dort - I. Joe - A. Wiggins - C. Holmgren,2,1,1,0.5,7.486667,0.455,0.286,1.0,0,4,4,2,2.0,0,1,14,2.0,22460,107.7,85.7,22.0,86.55,0.589,0.545,0.4,1.0,0.467
-1627936-1628392-1628983-1629652-1630198-,A. Caruso - I. Hartenstein - S. Gilgeous-Alexander - L. Dort - I. Joe,3,0,3,0.0,7.45,0.538,0.286,1.0,2,5,7,4,4.0,1,0,18,-4.0,22350,112.5,137.5,-25.0,103.09,0.648,0.615,0.571,1.0,0.636
-1630198-1631119-1631172-1642349-1642964-,I. Joe - J. Williams - O. Dieng - A. Mitchell - B. Barnhizer,2,2,0,1.0,7.433333,0.25,0.25,0.5,1,2,3,3,3.0,1,1,9,-15.0,22300,64.3,160.0,-95.7,93.63,0.349,0.333,1.0,1.0,0.313
-1628983-1629652-1630198-1631119-1642272-,S. Gilgeous-Alexander - L. Dort - I. Joe - J. Williams - J. McCain,2,2,0,1.0,7.3,0.692,0.571,1.0,1,6,7,5,1.0,2,2,24,15.0,21900,160.0,64.3,95.7,95.34,0.865,0.846,0.556,5.0,0.583
-1628983-1629652-1630598-1642349-1642382-,S. Gilgeous-Alexander - L. Dort - A. Wiggins - A. Mitchell - B. Carlson,3,2,1,0.667,7.116667,0.364,0.167,0.667,1,1,2,3,1.0,1,2,13,-8.0,21350,86.7,140.0,-53.3,101.17,0.477,0.409,0.75,3.0,0.231
-1628392-1630198-1630598-1641717-1642349-,I. Hartenstein - I. Joe - A. Wiggins - C. Wallace - A. Mitchell,2,1,1,0.5,7.1,0.533,0.0,1.0,2,4,6,4,2.0,3,0,18,3.0,21300,105.9,93.8,12.1,111.55,0.567,0.533,0.5,2.0,0.545
-1628983-1630598-1631119-1641717-1642272-,S. Gilgeous-Alexander - A. Wiggins - J. Williams - C. Wallace - J. McCain,2,2,0,1.0,7.066667,0.818,0.6,0.75,0,6,6,7,0.0,2,0,24,11.0,21200,160.0,86.7,73.3,101.89,0.94,0.955,0.778,0.0,0.636
-1630198-1630598-1631119-1631172-1642349-,I. Joe - A. Wiggins - J. Williams - O. Dieng - A. Mitchell,3,2,1,0.667,7.055,0.462,0.333,0.75,0,8,8,4,1.0,2,1,18,3.0,21165,112.5,83.3,29.2,115.66,0.61,0.577,0.667,4.0,0.4
-1627936-1628983-1629652-1631119-1642349-,A. Caruso - S. Gilgeous-Alexander - L. Dort - J. Williams - A. Mitchell,5,5,0,1.0,7.05,0.4,0.0,1.0,2,3,5,4,2.0,2,2,15,-8.0,21150,88.2,127.8,-39.5,119.15,0.46,0.4,0.667,2.0,0.368
-1627936-1630198-1630598-1631096-1641717-,A. Caruso - I. Joe - A. Wiggins - C. Holmgren - C. Wallace,3,2,1,0.667,7.036667,0.333,0.4,0.667,0,4,4,1,4.0,1,0,12,-1.0,21110,70.6,81.3,-10.7,112.55,0.515,0.444,0.333,0.25,0.375
-1628983-1629026-1630198-1631096-1641717-,S. Gilgeous-Alexander - K. Williams - I. Joe - C. Holmgren - C. Wallace,3,0,3,0.0,6.85,0.429,0.333,0.0,0,5,5,4,0.0,0,2,15,-3.0,20550,107.1,120.0,-12.9,101.61,0.536,0.536,0.667,0.0,0.389
-1627936-1628983-1629026-1630198-1631096-,A. Caruso - S. Gilgeous-Alexander - K. Williams - I. Joe - C. Holmgren,2,1,1,0.5,6.833333,0.5,0.4,1.0,1,7,8,2,3.0,3,0,17,10.0,20500,121.4,46.7,74.8,101.85,0.638,0.583,0.333,0.67,0.643
-1629652-1630198-1631096-1631119-1642272-,L. Dort - I. Joe - C. Holmgren - J. Williams - J. McCain,3,2,1,0.667,6.766667,0.615,0.429,0.0,1,5,6,5,1.0,1,0,19,3.0,20300,135.7,106.7,29.0,102.86,0.731,0.731,0.625,5.0,0.545
-1628983-1630598-1641717-1642349-1642382-,S. Gilgeous-Alexander - A. Wiggins - C. Wallace - A. Mitchell - B. Carlson,3,3,0,1.0,6.766667,0.438,0.5,0.0,3,7,10,4,0.0,0,2,17,2.0,20300,113.3,100.0,13.3,106.4,0.531,0.531,0.571,0.0,0.524
-1629652-1630598-1631114-1642349-1642382-,L. Dort - A. Wiggins - J. Williams - A. Mitchell - B. Carlson,1,1,0,1.0,6.716667,0.357,0.4,1.0,1,8,9,3,0.0,0,1,14,0.0,20150,100.0,93.3,6.7,103.62,0.47,0.429,0.6,0.0,0.526
-1628983-1629026-1629652-1631119-1631172-,S. Gilgeous-Alexander - K. Williams - L. Dort - J. Williams - O. Dieng,2,0,2,0.0,6.661667,0.4,0.0,1.0,1,5,6,2,2.0,3,1,15,3.0,19985,100.0,75.0,25.0,111.68,0.573,0.4,0.5,1.0,0.5
-1627936-1630598-1631096-1631114-1642349-,A. Caruso - A. Wiggins - C. Holmgren - J. Williams - A. Mitchell,2,1,1,0.5,6.566667,0.692,0.667,1.0,1,7,8,3,0.0,1,2,24,11.0,19700,160.0,86.7,73.3,109.64,0.813,0.769,0.333,0.0,0.643
-1629652-1630598-1631096-1641717-1642349-,L. Dort - A. Wiggins - C. Holmgren - C. Wallace - A. Mitchell,2,1,1,0.5,6.533333,0.556,0.25,0.0,1,7,8,5,5.0,1,2,11,1.0,19600,84.6,76.9,7.7,95.51,0.611,0.611,1.0,1.0,0.533
-1628983-1629026-1629652-1630198-1631096-,S. Gilgeous-Alexander - K. Williams - L. Dort - I. Joe - C. Holmgren,4,3,1,0.75,6.516667,0.75,0.667,0.0,0,3,3,5,2.0,0,0,22,-3.0,19550,129.4,156.3,-26.8,121.53,0.884,0.917,0.556,2.5,0.444
-1627936-1629026-1630598-1631119-1642272-,A. Caruso - K. Williams - A. Wiggins - J. Williams - J. McCain,2,2,0,1.0,6.513333,0.7,0.667,0.5,1,8,9,4,6.0,1,0,18,7.0,19540,105.9,73.3,32.5,117.91,0.765,0.8,0.571,0.67,0.667
-1628983-1629026-1629652-1642382-1642964-,S. Gilgeous-Alexander - K. Williams - L. Dort - B. Carlson - B. Barnhizer,2,1,1,0.5,6.466667,0.25,0.0,0.0,1,4,5,1,0.0,0,1,6,-7.0,19400,50.0,100.0,-50.0,92.78,0.25,0.25,0.333,0.0,0.368
-1628392-1630198-1631114-1641717-1642349-,I. Hartenstein - I. Joe - J. Williams - C. Wallace - A. Mitchell,1,1,0,1.0,6.45,0.6,0.571,0.667,3,7,10,5,1.0,2,1,24,12.0,19350,171.4,80.0,91.4,107.91,0.735,0.733,0.556,5.0,0.625
-1627936-1628392-1629652-1630598-1642349-,A. Caruso - I. Hartenstein - L. Dort - A. Wiggins - A. Mitchell,2,2,0,1.0,6.416667,0.538,0.5,0.0,1,3,4,6,1.0,1,1,18,6.0,19250,138.5,92.3,46.2,97.25,0.692,0.692,0.857,6.0,0.4
-1628983-1629652-1630598-1631119-1641717-,S. Gilgeous-Alexander - L. Dort - A. Wiggins - J. Williams - C. Wallace,4,4,0,1.0,6.383333,0.667,0.714,1.0,3,5,8,6,2.0,4,1,27,16.0,19150,180.0,73.3,106.7,112.79,0.85,0.833,0.6,3.0,0.727
-1627936-1631096-1631114-1641717-1642349-,A. Caruso - C. Holmgren - J. Williams - C. Wallace - A. Mitchell,3,1,2,0.333,6.375,0.273,0.25,1.0,1,5,6,1,2.0,1,3,11,-3.0,19125,84.6,93.3,-8.7,105.41,0.431,0.318,0.333,0.5,0.438
-1627936-1629652-1630198-1631096-1641717-,A. Caruso - L. Dort - I. Joe - C. Holmgren - C. Wallace,5,3,2,0.6,6.36,0.462,0.25,1.0,3,6,9,2,2.0,2,0,14,2.0,19080,100.0,75.0,25.0,113.21,0.521,0.5,0.333,1.0,0.563
-1628983-1630198-1631114-1631119-1641717-,S. Gilgeous-Alexander - I. Joe - J. Williams - J. Williams - C. Wallace,2,2,0,1.0,6.333333,0.417,0.667,0.5,2,8,10,2,2.0,2,0,13,8.0,19000,100.0,38.5,61.5,98.53,0.505,0.5,0.4,1.0,0.611
-1630198-1631114-1641717-1642349-1642382-,I. Joe - J. Williams - C. Wallace - A. Mitchell - B. Carlson,3,2,1,0.667,6.266667,0.5,0.333,0.0,3,6,9,3,2.0,1,0,16,4.0,18800,123.1,80.0,43.1,107.23,0.571,0.571,0.429,1.5,0.6
-1628983-1631096-1631119-1641717-1642349-,S. Gilgeous-Alexander - C. Holmgren - J. Williams - C. Wallace - A. Mitchell,6,6,0,1.0,6.231667,0.667,0.5,0.75,1,5,6,3,0.0,1,1,22,13.0,18695,169.2,64.3,104.9,103.99,0.799,0.792,0.375,0.0,0.538
-1630198-1630598-1641717-1642349-1642382-,I. Joe - A. Wiggins - C. Wallace - A. Mitchell - B. Carlson,2,2,0,1.0,6.216667,0.5,0.4,0.667,0,2,2,3,3.0,5,0,14,5.0,18650,107.7,69.2,38.5,100.38,0.618,0.6,0.6,1.0,0.375
-1627936-1628392-1631114-1642272-1642349-,A. Caruso - I. Hartenstein - J. Williams - J. McCain - A. Mitchell,2,1,1,0.5,6.166667,0.5,0.25,1.0,0,3,3,3,3.0,0,0,13,-4.0,18500,92.9,141.7,-48.8,101.19,0.666,0.563,0.75,1.0,0.273
-1627936-1628983-1630598-1631096-1641717-,A. Caruso - S. Gilgeous-Alexander - A. Wiggins - C. Holmgren - C. Wallace,2,0,2,0.0,6.083333,0.222,0.143,0.8,0,6,6,0,1.0,0,2,9,-3.0,18250,64.3,85.7,-21.4,110.47,0.402,0.278,0.0,0.0,0.533
-1628392-1631114-1641717-1642272-1642349-,I. Hartenstein - J. Williams - C. Wallace - J. McCain - A. Mitchell,2,2,0,1.0,6.066667,0.583,0.0,0.667,2,7,9,5,3.0,1,0,16,7.0,18200,114.3,64.3,50.0,110.77,0.601,0.583,0.714,1.67,0.667
-1631172-1642349-1642382-1642959-1642964-,O. Dieng - A. Mitchell - B. Carlson - C. Youngblood - B. Barnhizer,2,2,0,1.0,6.016667,0.545,0.5,1.0,0,6,6,6,1.0,1,0,16,10.0,18050,133.3,50.0,83.3,95.73,0.699,0.682,1.0,6.0,0.538
-1629026-1629652-1630198-1630598-1642349-,K. Williams - L. Dort - I. Joe - A. Wiggins - A. Mitchell,1,1,0,1.0,6.0,0.455,0.429,0.333,0,6,6,3,0.0,0,1,14,8.0,18000,107.7,54.5,53.1,96.0,0.568,0.591,0.6,0.0,0.4
-1627936-1630198-1631096-1631119-1642349-,A. Caruso - I. Joe - C. Holmgren - J. Williams - A. Mitchell,3,3,0,1.0,5.983333,0.364,0.333,1.0,1,6,7,2,2.0,1,0,11,2.0,17950,84.6,69.2,15.4,104.29,0.463,0.409,0.5,1.0,0.571
-1628392-1630598-1631096-1641717-1642349-,I. Hartenstein - A. Wiggins - C. Holmgren - C. Wallace - A. Mitchell,2,2,0,1.0,5.966667,0.364,0.0,0.667,4,5,9,2,5.0,1,0,10,2.0,17900,76.9,66.7,10.3,100.56,0.406,0.364,0.5,0.4,0.647
-1627936-1628983-1629026-1631119-1642272-,A. Caruso - S. Gilgeous-Alexander - K. Williams - J. Williams - J. McCain,1,1,0,1.0,5.933333,0.333,0.167,0.0,0,7,7,2,1.0,0,2,9,-1.0,17800,64.3,76.9,-12.6,109.21,0.375,0.375,0.5,2.0,0.35
-1627936-1628983-1629026-1629652-1631119-,A. Caruso - S. Gilgeous-Alexander - K. Williams - L. Dort - J. Williams,1,1,0,1.0,5.933333,0.636,0.5,0.75,4,4,8,6,0.0,0,0,18,10.0,17800,180.0,88.9,91.1,76.85,0.705,0.682,0.857,0.0,0.667
-1628392-1630198-1641717-1642272-1642349-,I. Hartenstein - I. Joe - C. Wallace - J. McCain - A. Mitchell,1,1,0,1.0,5.933333,0.667,0.667,0.0,0,3,3,7,1.0,2,1,20,0.0,17800,153.8,142.9,11.0,109.21,0.833,0.833,0.875,7.0,0.429
-1629652-1631096-1631119-1641717-1642349-,L. Dort - C. Holmgren - J. Williams - C. Wallace - A. Mitchell,2,2,0,1.0,5.9,0.417,0.0,0.5,3,6,9,1,1.0,0,1,11,0.0,17700,100.0,100.0,0.0,89.49,0.427,0.417,0.2,1.0,0.714
-1628983-1631119-1641717-1642272-1642349-,S. Gilgeous-Alexander - J. Williams - C. Wallace - J. McCain - A. Mitchell,1,1,0,1.0,5.855,0.556,0.667,0.625,1,3,4,3,0.0,1,0,17,4.0,17565,154.5,118.2,36.4,90.18,0.679,0.667,0.6,0.0,0.4
-1627936-1628983-1629652-1630598-1631096-,A. Caruso - S. Gilgeous-Alexander - L. Dort - A. Wiggins - C. Holmgren,4,2,2,0.5,5.85,0.5,0.143,0.0,3,3,6,3,0.0,0,0,15,1.0,17550,136.4,100.0,36.4,102.56,0.536,0.536,0.429,0.0,0.462
-1629026-1630198-1630598-1641717-1642382-,K. Williams - I. Joe - A. Wiggins - C. Wallace - B. Carlson,3,1,2,0.333,5.78,0.385,0.2,0.5,3,5,8,3,1.0,2,0,12,1.0,17340,92.3,91.7,0.6,103.81,0.432,0.423,0.6,3.0,0.615
-1627936-1629026-1630198-1631119-1642272-,A. Caruso - K. Williams - I. Joe - J. Williams - J. McCain,2,2,0,1.0,5.716667,0.273,0.0,1.0,2,3,5,1,2.0,2,0,8,-5.0,17150,61.5,100.0,-38.5,109.15,0.337,0.273,0.333,0.5,0.417
-1627936-1628983-1631119-1642272-1642349-,A. Caruso - S. Gilgeous-Alexander - J. Williams - J. McCain - A. Mitchell,1,1,0,1.0,5.693333,0.455,0.25,0.75,0,8,8,4,0.0,0,2,17,7.0,17080,121.4,71.4,50.0,118.03,0.585,0.5,0.8,0.0,0.529
-1629026-1630598-1642272-1642362-1642964-,K. Williams - A. Wiggins - J. McCain - P. Sandfort - B. Barnhizer,2,1,1,0.5,5.683333,0.455,0.5,0.5,1,3,4,3,3.0,2,0,14,-5.0,17050,93.3,126.7,-33.3,126.69,0.589,0.591,0.6,1.0,0.308
-1628392-1629652-1630198-1630598-1631096-,I. Hartenstein - L. Dort - I. Joe - A. Wiggins - C. Holmgren,2,1,1,0.5,5.633333,0.429,0.333,1.0,1,1,2,2,4.0,1,1,9,3.0,16900,81.8,60.0,21.8,89.47,0.571,0.5,0.667,0.5,0.364
-1627936-1629026-1629652-1630598-1642349-,A. Caruso - K. Williams - L. Dort - A. Wiggins - A. Mitchell,1,1,0,1.0,5.616667,0.667,0.333,1.0,2,2,4,3,1.0,4,0,18,7.0,16850,163.6,91.7,72.0,98.28,0.723,0.708,0.375,3.0,0.667
-1630598-1631096-1631119-1641717-1642349-,A. Wiggins - C. Holmgren - J. Williams - C. Wallace - A. Mitchell,1,1,0,1.0,5.583333,0.556,0.0,0.0,0,7,7,2,2.0,1,3,10,0.0,16750,83.3,76.9,6.4,107.46,0.506,0.556,0.4,1.0,0.438
-1628392-1629652-1630598-1641717-1642349-,I. Hartenstein - L. Dort - A. Wiggins - C. Wallace - A. Mitchell,2,2,0,1.0,5.583333,0.364,0.0,1.0,1,5,6,1,1.0,1,0,10,0.0,16750,83.3,76.9,6.4,107.46,0.421,0.364,0.25,1.0,0.375
-1628983-1629652-1631096-1631119-1642349-,S. Gilgeous-Alexander - L. Dort - C. Holmgren - J. Williams - A. Mitchell,4,4,0,1.0,5.566667,0.556,0.333,1.0,0,2,2,2,1.0,0,0,13,-5.0,16700,118.2,163.6,-45.5,94.85,0.658,0.611,0.4,2.0,0.375
-1628392-1629026-1630198-1641717-1642260-,I. Hartenstein - K. Williams - I. Joe - C. Wallace - N. Topić,1,1,0,1.0,5.5,0.333,0.333,0.0,2,5,7,2,1.0,2,1,10,6.0,16500,100.0,40.0,60.0,87.27,0.417,0.417,0.5,2.0,0.643
-1629026-1630598-1631172-1642349-1642382-,K. Williams - A. Wiggins - O. Dieng - A. Mitchell - B. Carlson,2,2,0,1.0,5.483333,0.7,0.6,0.0,1,0,1,4,1.0,0,0,17,-2.0,16450,170.0,158.3,11.7,96.29,0.85,0.85,0.571,4.0,0.143
-1630598-1631096-1631119-1641717-1642272-,A. Wiggins - C. Holmgren - J. Williams - C. Wallace - J. McCain,4,4,0,1.0,5.466667,0.4,0.5,1.0,1,2,3,2,3.0,2,0,11,-1.0,16400,78.6,109.1,-30.5,109.76,0.506,0.45,0.5,0.67,0.4
-1628392-1630198-1630598-1631114-1642349-,I. Hartenstein - I. Joe - A. Wiggins - J. Williams - A. Mitchell,1,1,0,1.0,5.466667,0.556,0.5,1.0,1,5,6,3,4.0,1,0,15,-1.0,16400,115.4,133.3,-17.9,109.76,0.727,0.667,0.6,0.75,0.6
-1629026-1629652-1630198-1630598-1631119-,K. Williams - L. Dort - I. Joe - A. Wiggins - J. Williams,2,1,1,0.5,5.466667,0.5,0.5,0.0,0,2,2,2,2.0,0,0,9,-5.0,16400,100.0,140.0,-40.0,83.41,0.563,0.563,0.5,1.0,0.5
-1628392-1628983-1630198-1631096-1641717-,I. Hartenstein - S. Gilgeous-Alexander - I. Joe - C. Holmgren - C. Wallace,5,3,2,0.6,5.406667,0.364,0.286,1.0,1,3,4,3,2.0,1,0,14,-1.0,16220,93.3,93.8,-0.4,137.61,0.549,0.455,0.75,1.5,0.417
-1627936-1628983-1631096-1641717-1642272-,A. Caruso - S. Gilgeous-Alexander - C. Holmgren - C. Wallace - J. McCain,3,3,0,1.0,5.401667,0.667,0.5,1.0,0,4,4,4,2.0,3,1,16,7.0,16205,114.3,75.0,39.3,115.52,0.81,0.778,0.667,2.0,0.444
-1627936-1629652-1630598-1631119-1642349-,A. Caruso - L. Dort - A. Wiggins - J. Williams - A. Mitchell,1,1,0,1.0,5.366667,0.556,0.4,0.0,0,2,2,4,3.0,3,0,12,2.0,16100,92.3,76.9,15.4,116.27,0.667,0.667,0.8,1.33,0.375
-1629652-1630198-1630598-1631096-1642349-,L. Dort - I. Joe - A. Wiggins - C. Holmgren - A. Mitchell,1,1,0,1.0,5.333333,0.667,0.5,0.5,2,3,5,4,2.0,1,1,15,5.0,16000,136.4,90.9,45.5,99.0,0.759,0.778,0.667,2.0,0.857
-1628983-1629652-1631119-1641717-1642272-,S. Gilgeous-Alexander - L. Dort - J. Williams - C. Wallace - J. McCain,4,4,0,1.0,5.333333,0.417,0.143,1.0,1,4,5,1,1.0,0,1,13,-1.0,16000,100.0,100.0,0.0,121.5,0.505,0.458,0.2,1.0,0.429
-1627936-1628983-1629652-1631114-1641717-,A. Caruso - S. Gilgeous-Alexander - L. Dort - J. Williams - C. Wallace,4,3,1,0.75,5.323333,0.625,0.5,1.0,1,4,5,4,0.0,0,0,18,6.0,15970,163.6,92.3,71.3,108.2,0.812,0.688,0.8,0.0,0.556
-1628983-1631119-1641717-1642349-1642964-,S. Gilgeous-Alexander - J. Williams - C. Wallace - A. Mitchell - B. Barnhizer,2,2,0,1.0,5.308333,0.25,0.25,0.0,1,2,3,2,1.0,1,1,6,-7.0,15925,66.7,144.4,-77.8,81.38,0.375,0.375,1.0,2.0,0.444
-1629652-1630598-1631096-1631114-1641717-,L. Dort - A. Wiggins - C. Holmgren - J. Williams - C. Wallace,2,2,0,1.0,5.266667,0.556,0.5,1.0,0,2,2,2,2.0,1,1,13,-3.0,15800,108.3,145.5,-37.1,104.81,0.658,0.611,0.4,1.0,0.364
-1628983-1629026-1630598-1631119-1641717-,S. Gilgeous-Alexander - K. Williams - A. Wiggins - J. Williams - C. Wallace,2,1,1,0.5,5.25,0.556,0.25,1.0,0,2,2,4,2.0,3,0,13,-2.0,15750,100.0,115.4,-15.4,118.86,0.658,0.611,0.8,2.0,0.286
-1629652-1630598-1631096-1631119-1641717-,L. Dort - A. Wiggins - C. Holmgren - J. Williams - C. Wallace,3,2,1,0.667,5.233333,0.125,0.167,1.0,1,3,4,0,3.0,0,0,7,-6.0,15700,58.3,108.3,-50.0,110.06,0.359,0.188,0.0,0.0,0.455
-1629026-1630198-1630598-1642349-1642382-,K. Williams - I. Joe - A. Wiggins - A. Mitchell - B. Carlson,2,2,0,1.0,5.216667,0.636,0.4,1.0,1,5,6,6,1.0,2,0,19,9.0,15650,158.3,83.3,75.0,110.42,0.771,0.727,0.857,6.0,0.545
-1627936-1630598-1631119-1641717-1642272-,A. Caruso - A. Wiggins - J. Williams - C. Wallace - J. McCain,1,0,1,0.0,5.166667,0.6,0.571,0.0,2,3,5,4,2.0,1,0,16,5.0,15500,160.0,122.2,37.8,88.26,0.8,0.8,0.667,2.0,0.625
-1629026-1631096-1631114-1631172-1642349-,K. Williams - C. Holmgren - J. Williams - O. Dieng - A. Mitchell,1,1,0,1.0,5.133333,0.333,0.5,1.0,2,2,4,3,0.0,2,0,13,5.0,15400,130.0,80.0,50.0,93.51,0.558,0.389,1.0,0.0,0.5
-1628983-1629026-1631119-1642272-1642349-,S. Gilgeous-Alexander - K. Williams - J. Williams - J. McCain - A. Mitchell,1,1,0,1.0,5.1,0.615,0.4,0.667,2,5,7,4,0.0,0,1,20,9.0,15300,166.7,100.0,66.7,108.24,0.698,0.692,0.5,0.0,0.75
-1627936-1628392-1630598-1631172-1642349-,A. Caruso - I. Hartenstein - A. Wiggins - O. Dieng - A. Mitchell,1,1,0,1.0,5.066667,0.6,0.5,0.0,1,6,7,6,3.0,0,1,15,3.0,15200,150.0,120.0,30.0,94.74,0.75,0.75,1.0,2.0,0.9
-1629026-1629652-1630598-1631114-1642349-,K. Williams - L. Dort - A. Wiggins - J. Williams - A. Mitchell,1,1,0,1.0,5.066667,0.8,0.5,1.0,1,2,3,7,1.0,1,1,23,14.0,15200,209.1,90.0,119.1,99.47,0.943,0.9,0.875,7.0,0.571
-1627936-1630598-1631096-1631114-1641717-,A. Caruso - A. Wiggins - C. Holmgren - J. Williams - C. Wallace,1,0,1,0.0,5.053333,0.444,0.4,0.0,0,1,1,2,2.0,1,0,10,-4.0,15160,83.3,116.7,-33.3,113.98,0.556,0.556,0.5,1.0,0.167
-1628983-1629652-1631096-1641717-1642272-,S. Gilgeous-Alexander - L. Dort - C. Holmgren - C. Wallace - J. McCain,3,3,0,1.0,5.033333,0.222,0.333,0.75,1,5,6,1,0.0,1,1,11,2.0,15100,100.0,69.2,30.8,114.44,0.439,0.278,0.5,0.0,0.538
-1627936-1629652-1630198-1630598-1631119-,A. Caruso - L. Dort - I. Joe - A. Wiggins - J. Williams,3,1,2,0.333,5.016667,0.5,0.5,1.0,0,4,4,4,0.0,1,0,15,6.0,15050,166.7,75.0,91.7,100.47,0.689,0.65,0.8,0.0,0.455
-1627936-1630198-1631096-1631119-1641717-,A. Caruso - I. Joe - C. Holmgren - J. Williams - C. Wallace,1,1,0,1.0,5.0,0.571,0.667,1.0,0,6,6,3,2.0,3,1,20,6.0,15000,142.9,100.0,42.9,134.4,0.877,0.714,0.75,1.5,0.583
-1628392-1628983-1629652-1630198-1631114-,I. Hartenstein - S. Gilgeous-Alexander - L. Dort - I. Joe - J. Williams,1,0,1,0.0,5.0,0.273,0.429,1.0,2,6,8,2,1.0,1,3,11,7.0,15000,110.0,36.4,73.6,100.8,0.463,0.409,0.667,2.0,0.381
-1628392-1628983-1629652-1630198-1631096-,I. Hartenstein - S. Gilgeous-Alexander - L. Dort - I. Joe - C. Holmgren,4,3,1,0.75,4.988333,0.667,0.5,0.0,3,4,7,1,0.0,1,0,17,4.0,14965,154.5,108.3,46.2,110.66,0.683,0.708,0.125,0.0,0.818
-1627936-1628983-1630198-1631119-1642382-,A. Caruso - S. Gilgeous-Alexander - I. Joe - J. Williams - B. Carlson,1,1,0,1.0,4.983333,0.5,0.333,0.0,0,5,5,2,1.0,1,0,12,5.0,14950,109.1,53.8,55.2,115.59,0.6,0.6,0.4,2.0,0.462
-1627936-1628983-1629652-1641717-1642382-,A. Caruso - S. Gilgeous-Alexander - L. Dort - C. Wallace - B. Carlson,3,3,0,1.0,4.983333,0.444,0.25,1.0,1,4,5,4,2.0,2,0,11,2.0,14950,91.7,75.0,16.7,115.59,0.557,0.5,1.0,2.0,0.636
-1627936-1628983-1630598-1631096-1631119-,A. Caruso - S. Gilgeous-Alexander - A. Wiggins - C. Holmgren - J. Williams,2,2,0,1.0,4.933333,0.5,0.667,0.0,1,5,6,4,0.0,1,0,12,5.0,14800,133.3,77.8,55.6,87.57,0.6,0.6,0.8,0.0,0.636
-1629026-1630198-1630598-1631096-1631172-,K. Williams - I. Joe - A. Wiggins - C. Holmgren - O. Dieng,2,1,1,0.5,4.916667,0.444,0.333,1.0,0,3,3,4,1.0,0,0,12,2.0,14750,120.0,90.9,29.1,102.51,0.607,0.556,1.0,4.0,0.6
-1628983-1629652-1630198-1642349-1642382-,S. Gilgeous-Alexander - L. Dort - I. Joe - A. Mitchell - B. Carlson,3,3,0,1.0,4.916667,0.333,0.0,1.0,1,4,5,0,1.0,1,0,8,-1.0,14750,66.7,81.8,-15.2,112.27,0.405,0.333,0.0,0.0,0.429
-1628983-1629026-1629652-1630198-1631119-,S. Gilgeous-Alexander - K. Williams - L. Dort - I. Joe - J. Williams,4,3,1,0.75,4.895,0.75,0.75,1.0,1,2,3,6,2.0,0,1,20,7.0,14685,200.0,144.4,55.6,93.16,0.98,0.938,1.0,3.0,0.8
-1627936-1628983-1630198-1631096-1631119-,A. Caruso - S. Gilgeous-Alexander - I. Joe - C. Holmgren - J. Williams,3,3,0,1.0,4.875,0.625,0.667,0.875,0,3,3,4,0.0,3,0,19,11.0,14625,158.3,80.0,78.3,108.31,0.825,0.75,0.8,0.0,0.556
-1628983-1629652-1630598-1631096-1631172-,S. Gilgeous-Alexander - L. Dort - A. Wiggins - C. Holmgren - O. Dieng,1,1,0,1.0,4.85,0.556,0.5,0.0,2,3,5,3,2.0,0,2,11,2.0,14550,122.2,100.0,22.2,89.07,0.611,0.611,0.6,1.5,0.556
-1628983-1630198-1642349-1642382-1642964-,S. Gilgeous-Alexander - I. Joe - A. Mitchell - B. Carlson - B. Barnhizer,2,2,0,1.0,4.786667,0.286,0.5,1.0,2,4,6,1,1.0,0,1,8,-1.0,14360,88.9,90.0,-1.1,95.26,0.508,0.429,0.5,1.0,0.438
-1628392-1630198-1630598-1631114-1641717-,I. Hartenstein - I. Joe - A. Wiggins - J. Williams - C. Wallace,1,1,0,1.0,4.733333,0.556,0.667,0.5,2,3,5,5,2.0,1,2,13,2.0,14200,130.0,100.0,30.0,106.48,0.658,0.667,1.0,2.5,0.556
-1629026-1630598-1641717-1642382-1642959-,K. Williams - A. Wiggins - C. Wallace - B. Carlson - C. Youngblood,1,1,0,1.0,4.683333,0.417,0.2,0.0,3,2,5,2,1.0,2,0,11,0.0,14050,122.2,110.0,12.2,97.37,0.458,0.458,0.4,2.0,0.5
-1628392-1629026-1629652-1630198-1641717-,I. Hartenstein - K. Williams - L. Dort - I. Joe - C. Wallace,2,1,1,0.5,4.666667,0.5,0.75,1.0,1,0,1,3,1.0,0,1,15,-4.0,14000,166.7,211.1,-44.4,92.57,0.868,0.75,1.0,3.0,0.25
-1629026-1629652-1630598-1631096-1641717-,K. Williams - L. Dort - A. Wiggins - C. Holmgren - C. Wallace,4,3,1,0.75,4.62,0.364,0.667,0.5,6,6,12,4,1.0,0,0,12,1.0,13860,100.0,91.7,8.3,124.68,0.47,0.455,1.0,4.0,0.706
-1627936-1630198-1631096-1631119-1642272-,A. Caruso - I. Joe - C. Holmgren - J. Williams - J. McCain,2,1,1,0.5,4.616667,0.444,0.333,0.0,1,5,6,1,2.0,2,1,9,0.0,13850,90.0,75.0,15.0,114.37,0.5,0.5,0.25,0.5,0.462
-1627936-1628392-1628983-1630198-1631119-,A. Caruso - I. Hartenstein - S. Gilgeous-Alexander - I. Joe - J. Williams,1,1,0,1.0,4.615,0.75,0.0,0.0,1,4,5,4,1.0,1,3,12,5.0,13845,150.0,77.8,72.2,88.41,0.75,0.75,0.667,4.0,0.625
-1627936-1628392-1628983-1629652-1630598-,A. Caruso - I. Hartenstein - S. Gilgeous-Alexander - L. Dort - A. Wiggins,2,1,1,0.5,4.615,0.333,0.3,0.0,3,4,7,4,0.0,1,1,11,5.0,13845,122.2,66.7,55.6,93.61,0.442,0.458,1.0,0.0,0.571
-1630598-1631205-1642260-1642272-1642964-,A. Wiggins - B. Boeheim - N. Topić - J. McCain - B. Barnhizer,1,0,1,0.0,4.6,0.167,0.25,1.0,1,4,5,1,2.0,0,0,7,3.0,13800,70.0,44.4,25.6,99.13,0.451,0.25,1.0,0.5,0.455
-1628983-1629026-1629652-1641717-1642349-,S. Gilgeous-Alexander - K. Williams - L. Dort - C. Wallace - A. Mitchell,2,2,0,1.0,4.6,0.455,0.2,0.0,0,4,4,1,0.0,4,1,11,5.0,13800,100.0,54.5,45.5,114.78,0.5,0.5,0.2,0.0,0.417
-1629026-1630198-1631119-1631172-1642964-,K. Williams - I. Joe - J. Williams - O. Dieng - B. Barnhizer,2,2,0,1.0,4.588333,0.167,0.2,0.0,0,3,3,1,1.0,0,0,3,-8.0,13765,37.5,122.2,-84.7,88.92,0.25,0.25,1.0,1.0,0.333
-1629652-1630598-1631114-1631119-1641717-,L. Dort - A. Wiggins - J. Williams - J. Williams - C. Wallace,2,2,0,1.0,4.583333,0.444,0.2,0.5,1,3,4,1,0.0,2,0,10,-2.0,13750,76.9,92.3,-15.4,136.15,0.506,0.5,0.25,0.0,0.364
-1627936-1628392-1630598-1642272-1642349-,A. Caruso - I. Hartenstein - A. Wiggins - J. McCain - A. Mitchell,1,1,0,1.0,4.566667,0.429,0.5,0.0,0,3,3,3,3.0,1,0,8,-7.0,13700,80.0,136.4,-56.4,110.36,0.571,0.571,1.0,1.0,0.375
-1629652-1631096-1631114-1631119-1641717-,L. Dort - C. Holmgren - J. Williams - J. Williams - C. Wallace,2,2,0,1.0,4.566667,0.75,0.5,1.0,1,5,6,4,1.0,0,0,16,12.0,13700,177.8,50.0,127.8,89.34,0.858,0.813,0.667,4.0,0.857
-1629026-1629652-1630598-1631119-1641717-,K. Williams - L. Dort - A. Wiggins - J. Williams - C. Wallace,2,1,1,0.5,4.54,0.571,0.667,1.0,0,3,3,3,2.0,2,0,12,1.0,13620,120.0,91.7,28.3,116.3,0.761,0.714,0.75,1.5,0.364
-1629026-1630198-1630598-1631119-1642959-,K. Williams - I. Joe - A. Wiggins - J. Williams - C. Youngblood,1,0,1,0.0,4.533333,0.375,0.333,0.0,0,6,6,3,2.0,0,1,7,-1.0,13600,63.6,80.0,-16.4,111.18,0.438,0.438,1.0,1.5,0.462
-1629652-1630198-1630598-1631096-1631119-,L. Dort - I. Joe - A. Wiggins - C. Holmgren - J. Williams,1,1,0,1.0,4.533333,0.7,0.25,0.5,1,3,4,4,0.0,1,0,16,4.0,13600,160.0,120.0,40.0,105.88,0.735,0.75,0.571,0.0,0.571
-1628983-1630598-1631119-1642349-1642964-,S. Gilgeous-Alexander - A. Wiggins - J. Williams - A. Mitchell - B. Barnhizer,2,2,0,1.0,4.518333,0.714,0.0,1.0,0,2,2,1,2.0,2,0,17,1.0,13555,141.7,145.5,-3.8,122.17,0.843,0.714,0.2,0.5,0.333
-1628983-1629026-1630198-1641717-1642349-,S. Gilgeous-Alexander - K. Williams - I. Joe - C. Wallace - A. Mitchell,2,1,1,0.5,4.516667,0.429,0.0,0.0,0,0,0,1,1.0,0,1,6,-11.0,13550,66.7,212.5,-145.8,90.33,0.429,0.429,0.333,1.0,0.125
-1627936-1628392-1629652-1630198-1642272-,A. Caruso - I. Hartenstein - L. Dort - I. Joe - J. McCain,1,1,0,1.0,4.466667,0.25,0.25,0.0,2,4,6,1,4.0,3,1,5,0.0,13400,50.0,50.0,0.0,107.46,0.296,0.313,0.5,0.25,0.615
-1627936-1629026-1631096-1631114-1642349-,A. Caruso - K. Williams - C. Holmgren - J. Williams - A. Mitchell,1,1,0,1.0,4.433333,0.286,0.5,1.0,1,4,5,1,2.0,0,1,9,-2.0,13300,81.8,110.0,-28.2,113.68,0.514,0.357,0.5,0.5,0.5
-1627936-1629026-1630198-1631096-1642349-,A. Caruso - K. Williams - I. Joe - C. Holmgren - A. Mitchell,1,1,0,1.0,4.433333,0.6,0.5,0.75,0,1,1,3,2.0,0,0,10,-4.0,13300,125.0,200.0,-75.0,81.2,0.74,0.7,1.0,1.5,0.5
-1627936-1628983-1630598-1631114-1631119-,A. Caruso - S. Gilgeous-Alexander - A. Wiggins - J. Williams - J. Williams,2,2,0,1.0,4.416667,0.545,0.333,0.5,1,4,5,1,1.0,2,3,15,11.0,13250,125.0,36.4,88.6,124.98,0.631,0.636,0.167,1.0,0.455
-1628983-1630198-1631119-1631172-1641717-,S. Gilgeous-Alexander - I. Joe - J. Williams - O. Dieng - C. Wallace,2,1,1,0.5,4.416667,0.625,0.333,1.0,1,4,5,3,1.0,0,0,14,9.0,13250,140.0,62.5,77.5,97.81,0.751,0.688,0.6,3.0,0.75
-1627936-1629026-1630198-1630598-1631119-,A. Caruso - K. Williams - I. Joe - A. Wiggins - J. Williams,2,2,0,1.0,4.4,0.667,0.333,0.5,0,2,2,1,2.0,2,0,10,-4.0,13200,83.3,127.3,-43.9,125.45,0.727,0.75,0.25,0.5,0.222
-1629026-1630598-1631119-1642272-1642964-,K. Williams - A. Wiggins - J. Williams - J. McCain - B. Barnhizer,2,1,1,0.5,4.371667,0.143,0.143,1.0,0,2,2,1,0.0,0,0,5,-9.0,13115,62.5,155.6,-93.1,93.33,0.317,0.214,1.0,0.0,0.2
-1627936-1628392-1629652-1641717-1642349-,A. Caruso - I. Hartenstein - L. Dort - C. Wallace - A. Mitchell,2,2,0,1.0,4.366667,0.667,0.0,1.0,0,4,4,3,2.0,2,0,10,2.0,13100,111.1,80.0,31.1,104.43,0.727,0.667,0.75,1.5,0.5
-1627936-1628983-1631096-1631119-1642349-,A. Caruso - S. Gilgeous-Alexander - C. Holmgren - J. Williams - A. Mitchell,3,3,0,1.0,4.346667,0.75,0.5,1.0,0,2,2,1,2.0,2,2,15,8.0,13040,150.0,77.8,72.2,104.91,0.997,0.875,0.333,0.5,0.4
-1628983-1630598-1631119-1642272-1642349-,S. Gilgeous-Alexander - A. Wiggins - J. Williams - J. McCain - A. Mitchell,1,1,0,1.0,4.335,0.5,0.4,0.8,0,1,1,2,0.0,0,0,14,-3.0,13005,140.0,188.9,-48.9,105.19,0.686,0.625,0.5,0.0,0.167
-1627936-1630598-1631119-1641717-1642349-,A. Caruso - A. Wiggins - J. Williams - C. Wallace - A. Mitchell,4,2,2,0.5,4.328333,0.375,0.333,0.0,0,2,2,3,1.0,3,0,7,0.0,12985,77.8,63.6,14.1,110.9,0.438,0.438,1.0,3.0,0.2
-1628392-1628983-1630198-1631096-1642272-,I. Hartenstein - S. Gilgeous-Alexander - I. Joe - C. Holmgren - J. McCain,1,1,0,1.0,4.316667,0.5,0.5,0.0,2,5,7,4,0.0,0,0,11,0.0,12950,122.2,110.0,12.2,105.64,0.506,0.55,0.8,0.0,0.636
-1630198-1631119-1631172-1642349-1642382-,I. Joe - J. Williams - O. Dieng - A. Mitchell - B. Carlson,2,2,0,1.0,4.3,0.375,0.5,0.0,1,3,4,3,2.0,1,0,8,-6.0,12900,88.9,127.3,-38.4,111.63,0.5,0.5,1.0,1.5,0.5
-1627936-1630198-1631096-1641717-1642349-,A. Caruso - I. Joe - C. Holmgren - C. Wallace - A. Mitchell,2,2,0,1.0,4.266667,0.429,0.5,0.0,1,0,1,2,2.0,1,0,8,-4.0,12800,100.0,133.3,-33.3,95.62,0.571,0.571,0.667,1.0,0.25
-1628983-1629026-1630598-1642349-1642382-,S. Gilgeous-Alexander - K. Williams - A. Wiggins - A. Mitchell - B. Carlson,1,1,0,1.0,4.261667,0.833,0.0,1.0,1,4,5,4,2.0,0,0,14,5.0,12785,140.0,100.0,40.0,107.0,0.902,0.833,0.8,2.0,0.833
-1627936-1629026-1631096-1631114-1641717-,A. Caruso - K. Williams - C. Holmgren - J. Williams - C. Wallace,1,1,0,1.0,4.25,0.5,0.0,0.0,0,6,6,4,1.0,1,0,8,-2.0,12750,88.9,100.0,-11.1,107.29,0.5,0.5,1.0,4.0,0.6
-1630598-1642260-1642272-1642362-1642382-,A. Wiggins - N. Topić - J. McCain - P. Sandfort - B. Carlson,1,0,1,0.0,4.25,0.778,0.5,0.333,0,4,4,5,0.0,2,1,17,10.0,12750,170.0,77.8,92.2,107.29,0.824,0.889,0.714,0.0,0.5
-1629026-1630198-1642382-1642959-1642964-,K. Williams - I. Joe - B. Carlson - C. Youngblood - B. Barnhizer,2,0,2,0.0,4.233333,0.667,1.0,0.0,1,3,4,3,1.0,0,1,13,0.0,12700,144.4,130.0,14.4,107.72,0.722,0.722,0.5,3.0,0.571
-1627936-1628983-1630598-1631096-1642349-,A. Caruso - S. Gilgeous-Alexander - A. Wiggins - C. Holmgren - A. Mitchell,3,1,2,0.333,4.223333,0.333,0.0,1.0,0,3,3,1,4.0,0,0,6,0.0,12670,54.5,75.0,-20.5,107.97,0.436,0.333,0.5,0.25,0.556
-1628983-1629026-1629652-1631114-1641717-,S. Gilgeous-Alexander - K. Williams - L. Dort - J. Williams - C. Wallace,2,1,1,0.5,4.2,1.0,1.0,0.0,0,4,4,3,1.0,2,0,13,9.0,12600,162.5,44.4,118.1,97.14,1.083,1.083,0.5,3.0,1.0
-1629652-1630198-1631119-1641717-1642272-,L. Dort - I. Joe - J. Williams - C. Wallace - J. McCain,3,2,1,0.667,4.183333,0.3,0.333,1.0,2,3,5,3,1.0,0,0,9,-2.0,12550,100.0,122.2,-22.2,103.27,0.431,0.4,1.0,3.0,0.455
-1629026-1630198-1641717-1642260-1642964-,K. Williams - I. Joe - C. Wallace - N. Topić - B. Barnhizer,1,0,1,0.0,4.15,0.143,0.2,0.0,0,2,2,1,1.0,1,0,3,-5.0,12450,42.9,133.3,-90.5,75.18,0.214,0.214,1.0,1.0,0.308
